kode_kecamatan;kecamatan;kode_kelurahan;kelurahan;nama_perusahaan;alamat_usaha
32.73.12;Batununggal;32.73.12.1007;Samoja;Yayasan Nurul Huda ;Jl. Cinta Asih no.223 RW 122 05 RW 11
32.73.12;Batununggal;32.73.12.1007;Samoja;CV Gemma Techwindotama Sentosa;Jl. Cinta Asih No. 214 RW 122 05 RW 11
32.73.12;Batununggal;32.73.12.1007;Samoja;PT Asuransi Mitra Pelindung Mustika;Jl. Laswi No.99
32.73.12;Batununggal;32.73.12.1007;Samoja;Wharo Hasta Ruata;Jl. Karees Timur  137 RW 121
32.73.12;Batununggal;32.73.12.1007;Samoja;PT Alazar Makmur;Jl. Gatot Subroto No.153 B , Kota Bandung
32.73.12;Batununggal;32.73.12.1007;Samoja;CV Manunggal Raya;Jl. Laswi No. 43-A, Bandung
32.73.12;Batununggal;32.73.12.1007;Samoja;CV Pancuran Rasa;Jl. Karees Sapurang No. 4 , Bandung
32.73.12;Batununggal;32.73.12.1007;Samoja;PT Qiblat Tour Islami;Jl. Laswi No. 120 , Bandung
32.73.12;Batununggal;32.73.12.1007;Samoja;PT Madinah Makkah Utama;Jl. Laswi No.99 , Bandung
32.73.12;Batununggal;32.73.12.1007;Samoja;CV Bintang Berlian Sejahtera Abadi;Jl. Malabar No.23, Bandung
32.73.12;Batununggal;32.73.12.1007;Samoja;CV Aneka Sejahtera Abadi;Jl. Gatot Subroto No.113 Bandung
32.73.12;Batununggal;32.73.12.1007;Samoja;CV Yasin Indo Multi Mandiri;Jl. Cintaasih No. 14  RW  122 RT 01 RW 11 Bandung 
32.73.12;Batununggal;32.73.12.1007;Samoja;Toko Besi Lamoza Material;Jl. Samoja No. 03 RT 08 RW 10
32.73.12;Batununggal;32.73.12.1008;Binong;Lisna  Purnama Sari;Jl. Bbk Jati  RW No 49 RT 02 RW  10
32.73.12;Batununggal;32.73.12.1008;Binong;Irma Iskandar;Jl. H. Basuki Iii RT 05 RW 10
32.73.12;Batununggal;32.73.12.1008;Binong;Cucu Suryati ;Jl. Binong Jati RT 01 RW 04
32.73.12;Batununggal;32.73.12.1008;Binong;Risfy Wildhaniadus Tsani.S;Jl. H.Basuki Iii No.225 RT 07 RW 10
32.73.12;Batununggal;32.73.12.1008;Binong;Tulia Angraeni;Gg.Mesjid Vi RT 06 RW 05 
32.73.12;Batununggal;32.73.12.1008;Binong;Resti Setiani;0
32.73.12;Batununggal;32.73.12.1008;Binong;Eli Komalasari;Jl. H. Basuki 1 RT 05 RW 10
32.73.12;Batununggal;32.73.12.1008;Binong;Undang Lidiawati;Jl. H Basuki 1 RT 05 RW 10
32.73.12;Batununggal;32.73.12.1008;Binong;Nanni;Jl. H Basuki Iii RT 05 RW 10
32.73.12;Batununggal;32.73.12.1008;Binong;Iim Parnila ;Jl. H Basuki 1 RT 05 RW 10
32.73.12;Batununggal;32.73.12.1008;Binong;Abdik Juanda;Jl. Binong Jati Gg.Pln RT 03 RW 05
32.73.12;Batununggal;32.73.12.1008;Binong;Abas ;Jl. Binong Jati Gg.Suka Maju RT 04 RW 07
32.73.12;Batununggal;32.73.12.1008;Binong;Naurdiani;Jl. Binong Tengah RT 03 RW 02
32.73.12;Batununggal;32.73.12.1008;Binong;Kokom Komariah;Jl. Binong Jati Ii RT 05 RW 06
32.73.12;Batununggal;32.73.12.1008;Binong;Nansi Susanti;Jl. Binong RT 06 RW 06
32.73.12;Batununggal;32.73.12.1008;Binong;Siti Sumiati;Jl. Binong Jati No. 02 RT 02 RW 07
32.73.12;Batununggal;32.73.12.1008;Binong;Triani Rezeki Saragih ;Jl. Babakan Jati I No.48 RT 02 RW 08
32.73.12;Batununggal;32.73.12.1008;Binong;Prahesti Wulandari Styadini ;Jl. Binong Kulon No.55  RW 126 G RT 04 RW 01
32.73.12;Batununggal;32.73.12.1008;Binong;Mikael Sirait ;Jl. H Basuki No.150 RT 04 RW 08 
32.73.12;Batununggal;32.73.12.1008;Binong;Rohman ;Jl. Babakan Jati Gg.H Saloh RT 03 RW 09
32.73.12;Batununggal;32.73.12.1008;Binong;Heni Kusnadi Apip ;Jl. H.Basuki Iii No.39 RT 05 RW 10
32.73.12;Batununggal;32.73.12.1008;Binong;Mimin Yuningsih;Jl. Kiaracondong RT 07 RW 10
32.73.12;Batununggal;32.73.12.1008;Binong;Abdul Syukur ;H.Ibrahim Adjie Kiaracondong No.428
32.73.12;Batununggal;32.73.12.1008;Binong;Uus Rusmana;0
32.73.12;Batununggal;32.73.12.1008;Binong;Tati Suryati ;RT 07 RW 08
32.73.12;Batununggal;32.73.12.1008;Binong;Endang Cica;0
32.73.12;Batununggal;32.73.12.1008;Binong;Adhelien  Fransiska;Jl. Binong Jati I RT 06 RW 06
32.73.12;Batununggal;32.73.12.1008;Binong;Sri Agussetiawanti;Jl. Binong Kulon No.55 RW 1266 RT 04 RW 01
32.73.12;Batununggal;32.73.12.1008;Binong;Pepen.Sopian ;Jl. Binong Kulon X No.182 RW  1266 RT 08 RW 01
32.73.12;Batununggal;32.73.12.1008;Binong;Nurdin;Jl. Binong Jatin Gg. Nurul Umat
32.73.12;Batununggal;32.73.12.1008;Binong;Diky.S ;0
32.73.12;Batununggal;32.73.12.1008;Binong;Elis Nurhayati ;Jl. Binong Tengah RT 06 RW 07
32.73.12;Batununggal;32.73.12.1008;Binong;Andika Ramadhan ;Jl. Gg.Nata Ii Pln No.21 RT 02 RW 05
32.73.12;Batununggal;32.73.12.1008;Binong;Nono Sumaro ;Jl. Binong Jati Ii No.163 RT 06 RW 03
32.73.12;Batununggal;32.73.12.1008;Binong;Sidik Fajar ;Binong Jati Ii RT 02 RW 06
32.73.12;Batununggal;32.73.12.1008;Binong;Ngadiman ;BJl. Binong Tengah RT 05 RW 02
32.73.12;Batununggal;32.73.12.1008;Binong;Jaelani;Jl. Babakan Jati RT 04 RW 08
32.73.12;Batununggal;32.73.12.1008;Binong;Osih ;Jl. Gg Nata Ii No.5 RT 03 RW 05
32.73.12;Batununggal;32.73.12.1008;Binong;Yuli Ruswati;Jl. Gg Masjid Iv RT 05 RW 05
32.73.12;Batununggal;32.73.12.1008;Binong;Siti Juli Warningsih ;Jl. Binong Jati Ii RT 04 RW 06
32.73.12;Batununggal;32.73.12.1008;Binong;Sopiah ;Jl. Binong Tengah RT 01 RW 02
32.73.12;Batununggal;32.73.12.1008;Binong;Novi Fudiami Sanusi ;Jl. H Muhyi No.22 RT 01 RW 09
32.73.12;Batununggal;32.73.12.1008;Binong;Edi Syanto ;Jl. Gg Mesjid No.28 RT 06 RW 05
32.73.12;Batununggal;32.73.12.1008;Binong;Syaiful Anwar ;Jl. Binong Jati Gg.Kurnia RT 09 RW 03
32.73.12;Batununggal;32.73.12.1008;Binong;Dermina Silalahi;Jl. Binong Jati Ii RT 06 RW 06
32.73.12;Batununggal;32.73.12.1008;Binong;Nani;Jl. Binong Jati Ii RT 02 RW 06
32.73.12;Batununggal;32.73.12.1008;Binong;Eneng Mayawati;Jl. Binong Kulon RT 03 RW 01
32.73.12;Batununggal;32.73.12.1008;Binong;Eki Endrian;Jl. Binong Gg.Kurnia RT 04 RW 03
32.73.12;Batununggal;32.73.12.1008;Binong;Asep Wahyudi;Jl. Binong Jati RT 08 RW 04
32.73.12;Batununggal;32.73.12.1008;Binong;Sandi Natim;Jl. Binong Jati No.20 RT 06 RW 03
32.73.12;Batununggal;32.73.12.1008;Binong;Abdul Gani Putra;Jl. H Basuki Ii
32.73.12;Batununggal;32.73.12.1008;Binong;Endang Cica Chandra;Jl. Binong Jati Ii RT 05 RW 08
32.73.12;Batununggal;32.73.12.1008;Binong;Nurtiana;Jl. Babakan Jati  Ii RT 05 RW 08
32.73.12;Batununggal;32.73.12.1008;Binong;Sunardi;Jl. H. Basuki Iv No.155 RT 05 RW 10
32.73.12;Batununggal;32.73.12.1008;Binong;Iis Ismayanti;Jl. Babakan Jati Ii RT 03 RW 08
32.73.12;Batununggal;32.73.12.1008;Binong;Novi Fujiyasti;Jl. Binong Jati RT 10 RW 03
32.73.12;Batununggal;32.73.12.1008;Binong;Arif;Jl. Babakan Jati RT 04 RW 08
32.73.12;Batununggal;32.73.12.1008;Binong;Juarsih;Jl. Binong Jati Ii RT 01 RW 06
32.73.12;Batununggal;32.73.12.1008;Binong;Asep Pipin Aripin;Jl. Binong Tengah  RT 02 RW 02
32.73.12;Batununggal;32.73.12.1008;Binong;Atikah;Jl. Binong Jati RT 10 RW 03
32.73.12;Batununggal;32.73.12.1008;Binong;Iim Nuriman;Jl. Babakan Jati Iv RT 007 RW 08
32.73.12;Batununggal;32.73.12.1008;Binong;Atikah;Binong Jati RT 10 RW 03
32.73.12;Batununggal;32.73.12.1008;Binong;Devi Asmara;Jl. H Basuki Iii RT 05 RW 10
32.73.12;Batununggal;32.73.12.1008;Binong;Soleh;Jl. Binong Jati Ii RT 06 RW 06
32.73.12;Batununggal;32.73.12.1008;Binong;Hidayat;Jl. Binong Jati Ii RT 05 RW 06
32.73.12;Batununggal;32.73.12.1008;Binong;Mella Ariyani;Jl. H. Basuki Iii RT 05 RW 10
32.73.12;Batununggal;32.73.12.1008;Binong;Tia Setiawati;Jl. Binong Tengah No.36 RT 01 RW 02
32.73.12;Batununggal;32.73.12.1008;Binong;Gina Faryani;Binong Jati RW 04 RW 04
32.73.12;Batununggal;32.73.12.1008;Binong;Rahmi Fauziah;Jl. Binong  Jati RT 10RW 03
32.73.12;Batununggal;32.73.12.1008;Binong;Yusup Supradi;Jl. H.Basuki Iv RT 05 RW 10
32.73.12;Batununggal;32.73.12.1008;Binong;Titin Rustini;Jl. Kiaracondong RT 04 RW 05
32.73.12;Batununggal;32.73.12.1008;Binong;Aan Hasanah;Jl. Babakan Jati RT 07 RW 08
32.73.12;Batununggal;32.73.12.1008;Binong;Sriyati, Se;Jl. Binong Jati RW 06 RW  RW 06
32.73.12;Batununggal;32.73.12.1008;Binong;Dadah Jamiah;Binong Kulon X172
32.73.12;Batununggal;32.73.12.1008;Binong;Sumarlinah;Jl. Binong Jati RT 02 RW 03
32.73.12;Batununggal;32.73.12.1008;Binong;Budiman;Jl. Binong Jati RT 05 RW 06
32.73.12;Batununggal;32.73.12.1008;Binong;Daryanto;Jl. Binong Tengah RT 01 RW 07
32.73.12;Batununggal;32.73.12.1008;Binong;Susanti;Jl. Binong Jati RT 03 RW 03
32.73.12;Batununggal;32.73.12.1008;Binong;Umi Azalliah Muminah;Binong Tengah RT 05 RW 02
32.73.12;Batununggal;32.73.12.1008;Binong;Heni Yuliani;Jl. Babakan Jati RT 04 RW 08
32.73.12;Batununggal;32.73.12.1003;Cibangkong;CV Totalsolution Indonesia;Jl. Laswi No.102 Bandung
32.73.12;Batununggal;32.73.12.1003;Cibangkong;PT Wahana;Jl. Jend.Gatot Subroto No.289
32.73.12;Batununggal;32.73.12.1003;Cibangkong;CV Allora Grill Time;Jl. Jend.Gatot Subroto No.289
32.73.12;Batununggal;32.73.12.1003;Cibangkong;PT Beta Meifilindo;Jl. WaRT a No.42 
32.73.12;Batununggal;32.73.12.1003;Cibangkong;PT Neo CiPT a Revolusi;Jl. Gatot Subroto No.243A
32.73.12;Batununggal;32.73.12.1003;Cibangkong;CV Prima Citra Sakti;Jl. Cibangkong No.272 RW 120
32.73.12;Batununggal;32.73.12.1003;Cibangkong;CV Rahmat Saputra;Jl. Cintaasih No.202 RW 122
32.73.12;Batununggal;32.73.12.1003;Cibangkong;CV Sinar Karya Makmur;Jl. Laswi No.96-99
32.73.12;Batununggal;32.73.12.1001;Gumuruh;CV Puridelco Al Rasyid;Jl. Trs. Martanegara No. 12
32.73.12;Batununggal;32.73.12.1001;Gumuruh;CV Tambah Satu;Jl. Gumuruh No. 47
32.73.12;Batununggal;32.73.12.1001;Gumuruh;CV Lestari Citra Utama;Jl. Gumuruh No. 151 RW 117
32.73.12;Batununggal;32.73.12.1001;Gumuruh;PT Galudra Kencana;Jl. Gumuruh No. 80 RW 133
32.73.12;Batununggal;32.73.12.1001;Gumuruh;CV Kembar Jaya;Jl. Salendro Timur Viii No. 3
32.73.12;Batununggal;32.73.12.1001;Gumuruh;CV Bintang Mitra Brahma;Jl. Saturnus No. 2
32.73.12;Batununggal;32.73.12.1001;Gumuruh;CV Indokreasi Eka Utama;Jl. Idi Adimaja No. 13
32.73.12;Batununggal;32.73.12.1001;Gumuruh;CV Sekar Arum;Jl. Gemini No. 10
32.73.12;Batununggal;32.73.12.1001;Gumuruh;Laundris;Jl. Rancagoong No. 15
32.73.12;Batununggal;32.73.12.1001;Gumuruh;Kuliner Hayam Ngadat;Jl. Rancagoong No. 41
32.73.12;Batununggal;32.73.12.1001;Gumuruh;Ai Suarsih;Jl. Gumuruh No. - 
32.73.12;Batununggal;32.73.12.1001;Gumuruh;Bobby;Jl. Cancer No. 22
32.73.12;Batununggal;32.73.12.1001;Gumuruh;Yulian;Jl. Maleer Selatan I No. 75-1 RW 117
32.73.12;Batununggal;32.73.12.1001;Gumuruh;Toko Plastik Barokah;Jl. Maleer Selatan I No. 186 RW 117
32.73.12;Batununggal;32.73.12.1001;Gumuruh;Warung Eti;Jl. Babakan Jati No. - 
32.73.12;Batununggal;32.73.12.1001;Gumuruh;Neri Beras;Jl. Maleer Timur No. - 
32.73.12;Batununggal;32.73.12.1001;Gumuruh;Rina Taylor;Jl. Jati Mulya V No. 11 
32.73.12;Batununggal;32.73.12.1004;Kacapiring;Endang Kurnia ;Cikudapateuh Dalam  No.231 RW 121
32.73.12;Batununggal;32.73.12.1004;Kacapiring;Apong;Cikudapateuh Dalam No.232 RW 121
32.73.12;Batununggal;32.73.12.1004;Kacapiring;Cucu Sumiati;Cikudapateuh Dalam No.230 RW 121
32.73.12;Batununggal;32.73.12.1004;Kacapiring;Ita Anggraeni;Cikudapateuh Dalam No.230  
32.73.12;Batununggal;32.73.12.1004;Kacapiring;Lilis Siti / Nanang;Cikudapateuh Dalam No.228 RW 121
32.73.12;Batununggal;32.73.12.1004;Kacapiring;Pepen;Cikudapateuh Dalam No. 227 RW 121
32.73.12;Batununggal;32.73.12.1004;Kacapiring;Ani Kusniati;Cikudapateuh Dalam No. 232 RW 121
32.73.12;Batununggal;32.73.12.1004;Kacapiring;Pak Lin Nurniat;Cikudapateuh Dalam No. 233 RW 121
32.73.12;Batununggal;32.73.12.1004;Kacapiring;Ayi;Cikudapateuh Dalam No. 238 RW 121
32.73.12;Batununggal;32.73.12.1004;Kacapiring;Noneng Haliah;Cikudapateuh Dalam No.  238 RW 121
32.73.12;Batununggal;32.73.12.1004;Kacapiring;Nunung Nurjanah;Cikudapateuh Dalam No.214 RW 121
32.73.12;Batununggal;32.73.12.1004;Kacapiring;Eti Umyati;Cikudapateuh Dalam No. 213 RW 121
32.73.12;Batununggal;32.73.12.1004;Kacapiring;Budi Kuncoro;Cikudapateuh Dalam No. 229 RW 121
32.73.12;Batununggal;32.73.12.1004;Kacapiring;Irin;Cikudapateuh Dalam No. 229 RW 121
32.73.12;Batununggal;32.73.12.1004;Kacapiring;Iyam ;Cikudapateuh Dalam No. 218 RW 121
32.73.12;Batununggal;32.73.12.1004;Kacapiring;Ateng;Cikudapateuh Dalam No. 224 RW 121
32.73.12;Batununggal;32.73.12.1004;Kacapiring;Mumu S;Cikudapateuh Dalam No. 230 RW 121
32.73.12;Batununggal;32.73.12.1004;Kacapiring;Sumardi;Cikudapateuh Dalam No. 230 RW 121
32.73.12;Batununggal;32.73.12.1004;Kacapiring;Nani.S;Cikudapateuh Dalam No. 2324 RW 121
32.73.12;Batununggal;32.73.12.1004;Kacapiring;Popon;Cikudapateuh Dalam No.234 RW 121
32.73.12;Batununggal;32.73.12.1004;Kacapiring;Aries Saepi;Cikudapateuh Dalam 
32.73.12;Batununggal;32.73.12.1004;Kacapiring;Alis Rika;Cikudapateuh Dalam
32.73.12;Batununggal;32.73.12.1004;Kacapiring;Ika;Jl. Kacapiring No.33 C RW 122
32.73.12;Batununggal;32.73.12.1004;Kacapiring;Karuan;Jl. Kacapiring No.302 RW 122
32.73.12;Batununggal;32.73.12.1004;Kacapiring;Tori;Jl. Kacapiring No.252
32.73.12;Batununggal;32.73.12.1004;Kacapiring;Nina Juwita;Jl. Kacapiring No. 1 
32.73.12;Batununggal;32.73.12.1004;Kacapiring;Nia Kurniawati;Jl. Kacapiring No.26 RW 122
32.73.12;Batununggal;32.73.12.1004;Kacapiring;Sugiono;Jl. Kacapiring No.57 A  RW  122
32.73.12;Batununggal;32.73.12.1004;Kacapiring;Nelwati;Jl. Kacapiring No.57 A  RW  122
32.73.12;Batununggal;32.73.12.1004;Kacapiring;Unayah;Jl. Laswi No. 22
32.73.12;Batununggal;32.73.12.1004;Kacapiring;Erwin PradiPT a;Jl. Kacapiring No.31
32.73.12;Batununggal;32.73.12.1004;Kacapiring;Robbi;Jl. Sukabumi Dalam No.48
32.73.12;Batununggal;32.73.12.1004;Kacapiring;Asep Adi;Jl. Sukabumi Dalam No. 48
32.73.12;Batununggal;32.73.12.1004;Kacapiring;Latief;Jl. Sukabumi Dalam No. 54
32.73.12;Batununggal;32.73.12.1004;Kacapiring;H. Asep;Jl. Sukabumi Dalam No. 54
32.73.12;Batununggal;32.73.12.1004;Kacapiring;Herlis;Jl. Sukabumi Dalam No. 66
32.73.12;Batununggal;32.73.12.1004;Kacapiring;Fendi;Jl. Sukabumi Dalam No. 271
32.73.12;Batununggal;32.73.12.1004;Kacapiring;Emas Sari R;Jl. Sukabumi Dalam No. 64
32.73.12;Batununggal;32.73.12.1004;Kacapiring;Pius Manalu;Jl. Sukabumi Dalam No. 3 A
32.73.12;Batununggal;32.73.12.1004;Kacapiring;Rini Siahaan;Jl. Sukabumi Dalam No. 32
32.73.12;Batununggal;32.73.12.1004;Kacapiring;Nanang Suherman;Jl. Sukabumi Dalam No. 15
32.73.12;Batununggal;32.73.12.1004;Kacapiring;Sardjono;Jl. Sukabumi Dalam No. 4
32.73.12;Batununggal;32.73.12.1004;Kacapiring;Yayan;Jl. Sukabumi Dalam No. 43
32.73.12;Batununggal;32.73.12.1004;Kacapiring;Tasimun;Jl. Sukabumi Dalam No. 42
32.73.12;Batununggal;32.73.12.1004;Kacapiring;Maman Suryana;Jl. Sukabumi Dalam No. 1
32.73.12;Batununggal;32.73.12.1004;Kacapiring;Arinda;Jl. Sukabumi Dalam No. 8
32.73.12;Batununggal;32.73.12.1004;Kacapiring;Moh Abidin ;Jl. Sukabumi Dalam No. 9
32.73.12;Batununggal;32.73.12.1004;Kacapiring;Rita R;Jl. Sukabumi Dalam No. 51
32.73.12;Batununggal;32.73.12.1004;Kacapiring; Djaman;Jl. Sukabumi Dalam No. 49
32.73.12;Batununggal;32.73.12.1004;Kacapiring;Nunung;Jl. Sukabumi Dalam No.28
32.73.12;Batununggal;32.73.12.1004;Kacapiring;Lia;Jl. Sukabumi Dalam No. 200 A
32.73.12;Batununggal;32.73.12.1004;Kacapiring;Hj, Enung Supriati;Jl. Sukabumi Dalam
32.73.12;Batununggal;32.73.12.1004;Kacapiring;Edi Sahadi;Jl. Sukabumi Dalam 
32.73.12;Batununggal;32.73.12.1004;Kacapiring;Yuyu;Jl. Sukabumi Dalam No. 187
32.73.12;Batununggal;32.73.12.1004;Kacapiring;Aan Suganda;Jl. Sukabumi Dalam No. 197 A
32.73.12;Batununggal;32.73.12.1004;Kacapiring;Nyai Ii;Jl. Sukabumi Dalam No. 211
32.73.12;Batununggal;32.73.12.1004;Kacapiring;Eko;Jl. Sukabumi Dalam No. 208
32.73.12;Batununggal;32.73.12.1004;Kacapiring;Aan Atikah;Jl. Sukabumi Dalam No. 30 A
32.73.12;Batununggal;32.73.12.1004;Kacapiring;Nadeka;Jl. Jakarta Dalam RT 06 RW 09
32.73.12;Batununggal;32.73.12.1004;Kacapiring;Yasin;Jl. Jakarta Dalam RT 06 RW 09
32.73.12;Batununggal;32.73.12.1004;Kacapiring;Tuhu;Jl. Jakarta Dalam RT 06 RW 09
32.73.12;Batununggal;32.73.12.1004;Kacapiring;Sri;Jl. Jakarta Dalam RT 02 RW 09
32.73.12;Batununggal;32.73.12.1004;Kacapiring;Enok;Jl. Jakarta Dalam RT 01 RW 09
32.73.12;Batununggal;32.73.12.1004;Kacapiring;Nengsih;Jl. Jakarta Dalam RT 02 RW 09
32.73.12;Batununggal;32.73.12.1004;Kacapiring;Nining;Jl. Jakarta Dalam RT 02 RW 09
32.73.12;Batununggal;32.73.12.1004;Kacapiring;Paiman;Jl. Jakarta Dalam RT 01 RW 09
32.73.12;Batununggal;32.73.12.1004;Kacapiring;Enche;Jl. Jakarta Dalam RT 02 RW 09
32.73.12;Batununggal;32.73.12.1004;Kacapiring;Suhendar;Jl. Jakarta Dalam RT 03 RW 09
32.73.12;Batununggal;32.73.12.1004;Kacapiring;Ani;Jl. Jakarta Dalam RT 03 RW 09
32.73.12;Batununggal;32.73.12.1004;Kacapiring;Sri;Jl. Jakarta Dalam RT 03 RW 09
32.73.12;Batununggal;32.73.12.1004;Kacapiring;Atik ;Jl. Jakarta Dalam RT 03 RW 09
32.73.12;Batununggal;32.73.12.1004;Kacapiring;Titin;Jl. Jakarta Dalam RT 03 RW 09
32.73.12;Batununggal;32.73.12.1004;Kacapiring;Herni;Jl. Jakarta Dalam RT 03 RW 09
32.73.12;Batununggal;32.73.12.1004;Kacapiring;Yono;Jl. Jakarta Dalam RT 02 RW 09
32.73.12;Batununggal;32.73.12.1004;Kacapiring;Zikra;Jl. Jakarta Dalam RT 06 RW 09
32.73.12;Batununggal;32.73.12.1004;Kacapiring;P. Jajuli;Jl. Majalengka Dalam RT 02 RW 03
32.73.12;Batununggal;32.73.12.1004;Kacapiring;Imas;Jl. Kacapiring RT 02 RW 02
32.73.12;Batununggal;32.73.12.1004;Kacapiring;Sri;Jl. Kacapiring RT 03 RW 03
32.73.12;Batununggal;32.73.12.1004;Kacapiring;Wawang N;Jl. Kacapiring RT 03 RW 03
32.73.12;Batununggal;32.73.12.1004;Kacapiring;Heni;Jl. Kacapiring RT 01  RW 03
32.73.12;Batununggal;32.73.12.1004;Kacapiring;Sumiatun;Jl. Kacapiring RT 01 RW 03
32.73.12;Batununggal;32.73.12.1004;Kacapiring;Yane;Jl. Kacapiring   
32.73.12;Batununggal;32.73.12.1004;Kacapiring;Roswati;Jl. Kacapiring No.132 RW 122
32.73.12;Batununggal;32.73.12.1004;Kacapiring;Idang Yusuf;Jl. Kacapiring RT 03 RW 03
32.73.12;Batununggal;32.73.12.1004;Kacapiring;Tukiem;Jl. Kacapiring RT 02 RW 03
32.73.12;Batununggal;32.73.12.1004;Kacapiring;Enah Erawati;Jl. Kacapiring RT 06 RW 03
32.73.12;Batununggal;32.73.12.1006;Kebon Gedang;Lina Marlina;Cipicung II No. 206 RT 004 RW 001
32.73.12;Batununggal;32.73.12.1006;Kebon Gedang;Ari Sambudi;Blok Pintu III No.84 RW 126C  RT 04 RW RW 04
32.73.12;Batununggal;32.73.12.1006;Kebon Gedang;Dewi Susanti;Jl. Jembatan Opat RT 001 RW 005
32.73.12;Batununggal;32.73.12.1006;Kebon Gedang;Aman Suratman;Blok Pintu I No. 25 RW 126C RT02 RW 04 
32.73.12;Batununggal;32.73.12.1006;Kebon Gedang;Imas Rosmayasari;Jl. Cipicung I No. 24 RW 126F RT08 RW 02
32.73.12;Batununggal;32.73.12.1006;Kebon Gedang;Maryati;Jl. Cipicung I No. 24 RW 126F RT08 RW 02
32.73.12;Batununggal;32.73.12.1006;Kebon Gedang;Rohmat;Jl. Cipicung I No. 24 RW 126F RT08 RW 02
32.73.12;Batununggal;32.73.12.1006;Kebon Gedang;Aah;Jl. Blok Pintu IV No. 117 RW 126-C RT06 RW 04
32.73.12;Batununggal;32.73.12.1006;Kebon Gedang;Inna Rahim;Jl. Kiaracondong Barat II RT 05 RW 07
32.73.12;Batununggal;32.73.12.1006;Kebon Gedang;Dera Marisa;Blok Pintu II RT 03 RW 04
32.73.12;Batununggal;32.73.12.1006;Kebon Gedang;Safitri;Jl. Kiaracondong Timur No. 213 RW 126C RT 04 RW 03
32.73.12;Batununggal;32.73.12.1006;Kebon Gedang;Torikin;Jl. H. Munajat No. 264 RW 126C RT 06 RW 06
32.73.12;Batununggal;32.73.12.1006;Kebon Gedang;Rudi Hidayat;Blok Pintu I No. 5 RW 126C RT 01 RW 04
32.73.12;Batununggal;32.73.12.1006;Kebon Gedang;Kastori Suheri;Jl. Kiaracondong Timur 226 RW 126C RT 04 RW 03
32.73.12;Batununggal;32.73.12.1006;Kebon Gedang;Willy Muhammad Fiqri;Kiaracondong Timur No. 208 RW 126CR RT 04 RW 03
32.73.12;Batununggal;32.73.12.1006;Kebon Gedang;Isni Yulianti;Kiaracondong Timur No.209 RW 126-C RT 002 RW 003
32.73.12;Batununggal;32.73.12.1006;Kebon Gedang;Lina Ernawati;Jl. Cipicung I No. 65 RT 002 RW 002
32.73.12;Batununggal;32.73.12.1006;Kebon Gedang;Nurul Nurillahi Fauziah;di Jl. Kiaracondong No. 176 RT 007 RW 004
32.73.12;Batununggal;32.73.12.1006;Kebon Gedang;Suratdi;Jl. Jembatan Opat Gg. Anggrek No. 5B RW 126D RT 02 RW 05
32.73.12;Batununggal;32.73.12.1006;Kebon Gedang;Kadaryanto;Pasar Saeuran
32.73.12;Batununggal;32.73.12.1006;Kebon Gedang;Kusmiati;Jl. Cempaka No 9A RT 05 RW 05
32.73.12;Batununggal;32.73.12.1006;Kebon Gedang;Ade Mahpudin;Pasar Kiaracondong
32.73.12;Batununggal;32.73.12.1006;Kebon Gedang;Risma Susilawati;Jl. Kiaracondong Barat No. 71 RW 126D RT 05 RW 08
32.73.12;Batununggal;32.73.12.1006;Kebon Gedang;Yati Rusmiati;Jl. Kiaracondong Barat No. 8A RW 126D RT 01 RW 08
32.73.12;Batununggal;32.73.12.1006;Kebon Gedang;Mulyani;Jl. Kiaracondong Timur No. 209 RW 126C RT 02 RW 03
32.73.12;Batununggal;32.73.12.1006;Kebon Gedang;Sri Mulyani;Jl. Jembatan Opat RT 01 RW 05
32.73.12;Batununggal;32.73.12.1006;Kebon Gedang;Nani Siti Nurjanah;Blok Pintu III No. 101 RW 126C RT 05 RW 04
32.73.12;Batununggal;32.73.12.1006;Kebon Gedang;Tyne Dwi Agustin;Jl. H. Munajat No. 09 RT 01 RW 07
32.73.12;Batununggal;32.73.12.1006;Kebon Gedang;Pepen.Sopian ;Jl. Cempaka No. 74 RT 05 RW 08
32.73.12;Batununggal;32.73.12.1006;Kebon Gedang;Rita Multini;Kiaracondong Barat 45 RW 126D RT 06 RW 08
32.73.12;Batununggal;32.73.12.1006;Kebon Gedang;Siti Jaenah Mariam;Cipicung I No. 20 RW 126F RT 08 RW 02
32.73.12;Batununggal;32.73.12.1006;Kebon Gedang;Astinia Intan Fitriani;Kiaracondong Timur No.295 RW 126C RT 005 RW 003
32.73.12;Batununggal;32.73.12.1006;Kebon Gedang;Saeful Hidayat;Kiaracondong Timur No.249 RW 126C RT 06 RW 06
32.73.12;Batununggal;32.73.12.1006;Kebon Gedang;Darmawati;Jl. Wulan No. 06 RT 05 RW 05
32.73.12;Batununggal;32.73.12.1006;Kebon Gedang;Amril Sopian;Kiaracondong Barat No. 16 RT 04 RW 08
32.73.12;Batununggal;32.73.12.1006;Kebon Gedang;Agus Nurdeni;Cipicung I No. 66 RW 126F RT 02 RW 02
32.73.12;Batununggal;32.73.12.1006;Kebon Gedang;Vera Trisnawati;Blok Pintu III No 114 RW 126C RT 06 RW 04
32.73.12;Batununggal;32.73.12.1006;Kebon Gedang;Erwin Suryawan;Cipicung I No.66 RW 126F RT 02 RW 02
32.73.12;Batununggal;32.73.12.1006;Kebon Gedang;Ika Kartini;Jl. Kebon Gedang No. 23 RT 009 RW 002
32.73.12;Batununggal;32.73.12.1006;Kebon Gedang;Juandi;Jl. Kiaracondong No. 272 RW 126C RT 002 RW 003
32.73.12;Batununggal;32.73.12.1006;Kebon Gedang;Masni;Blok Pintu IV No. 120 RW 126C RT 07 RW 04
32.73.12;Batununggal;32.73.12.1006;Kebon Gedang;Nani Suhaeni;Jl. Cipicung I No. 65 RW 126F RT 02 RW 02
32.73.12;Batununggal;32.73.12.1006;Kebon Gedang;Sudrajat;Cipicung VI No. 198 RW 126F RT 01 RW 01
32.73.12;Batununggal;32.73.12.1006;Kebon Gedang;Esih Sukaesih;Jl. Kiaracondong Timur No. 227 RW 126C RT 05 RW 06
32.73.12;Batununggal;32.73.12.1006;Kebon Gedang;Mutmainah;Jl. Cipicung I No. 79 RW 126F RT 09 RW 02
32.73.12;Batununggal;32.73.12.1006;Kebon Gedang;Rizky Bella Riyana;Blok Pintu II No 44 RW 126-C RT 003 RW 004
32.73.12;Batununggal;32.73.12.1006;Kebon Gedang;Engkas Kaswati;Kiaracondong Barat No. 16 RT 004 RW 008
32.73.12;Batununggal;32.73.12.1006;Kebon Gedang;Diki Nurwnur Hakim;Blok Pintu 1 No. 10 RW 126C RT 01 RW 04
32.73.12;Batununggal;32.73.12.1006;Kebon Gedang;Salamet;Cipicung I No. 115 RW 126F RT 03 RW 02
32.73.12;Batununggal;32.73.12.1006;Kebon Gedang;Nana Rukmana;Jl. Cipicung I No. 75 RW 126F RT 04 RW 02
32.73.12;Batununggal;32.73.12.1006;Kebon Gedang;Muhamad Jaelani;Kiaracondong Barat No. 72 RW 126D RT 006 RW 008
32.73.12;Batununggal;32.73.12.1006;Kebon Gedang;U. Almurosid;Jl. H. Munajat No. 239 RT 06 RW 06
32.73.12;Batununggal;32.73.12.1006;Kebon Gedang;Idah Jubaedah;Jl. H. Munajat No. 260 RT 06 RW 06
32.73.12;Batununggal;32.73.12.1006;Kebon Gedang;Cecep Surya;Jl. Randusari RT 02 RW 07
32.73.12;Batununggal;32.73.12.1006;Kebon Gedang;Achmad Mulyadi;Jl. H. Munajat RT 05 RW 07
32.73.12;Batununggal;32.73.12.1006;Kebon Gedang;Dani Darmawan;Jl. H. Munajat No. 260 RW 126C RT 06 RW 06
32.73.12;Batununggal;32.73.12.1006;Kebon Gedang;Dedeh;Gg. Cipicung VI No. 196 RW 126F RT 01 RW 01
32.73.12;Batununggal;32.73.12.1006;Kebon Gedang;Dindin;Cipicung IV RT 03 RW 01
32.73.12;Batununggal;32.73.12.1006;Kebon Gedang;Resty Dwi Yulianti;Jl. Kebon Gedang I RT 05 RW 11 Maleer
32.73.12;Batununggal;32.73.12.1006;Kebon Gedang;Gunadi;Kiaracondong Timur No. 273 RT 02 RW 03
32.73.12;Batununggal;32.73.12.1006;Kebon Gedang;Awang Nawangsih;Cipicung I RT 07 RW 02
32.73.12;Batununggal;32.73.12.1006;Kebon Gedang;Dewi Ernawati;Kiaracondong Barat II RT 04 RW 07
32.73.12;Batununggal;32.73.12.1006;Kebon Gedang;Odih Kosasih;Kiaracondong Barat No. 41 RT 07 RW 08
32.73.12;Batununggal;32.73.12.1006;Kebon Gedang;Fadila Salsabila;Blok Pintu II No. 54 RT 03 RW 04
32.73.12;Batununggal;32.73.12.1005;Kebon Waru;Juariah;Jl. Jatinegara RT 08 RW 02
32.73.12;Batununggal;32.73.12.1005;Kebon Waru;Hendro Djaya K.;Jl. Jatinegara RT 06 RW 02
32.73.12;Batununggal;32.73.12.1005;Kebon Waru;Didin;Jl. Jatinegara RT 08 RW 02
32.73.12;Batununggal;32.73.12.1005;Kebon Waru;Agus Gojali;Jl. Kujang Pajajaran RT 11 RW 02
32.73.12;Batununggal;32.73.12.1005;Kebon Waru;Oteng Nasrudin;Jl. Kujang Pajajaran RT 11 RW 02
32.73.12;Batununggal;32.73.12.1005;Kebon Waru;Yati Rochaeti;Jl. Jatinegara RT 08 RW 02
32.73.12;Batununggal;32.73.12.1005;Kebon Waru;Toto Wardoyo;Jl. Jatinegara RT 06 RW 02
32.73.12;Batununggal;32.73.12.1005;Kebon Waru;Budiyanto;Jl. Jatinegara RT 06 RW 02
32.73.12;Batununggal;32.73.12.1005;Kebon Waru;Entur Sujiono;Jl. Jatinegara RT 06 RW 02
32.73.12;Batununggal;32.73.12.1005;Kebon Waru;Zaenal Arifin;Gg. Laksana RT 03 RW 03
32.73.12;Batununggal;32.73.12.1005;Kebon Waru;Atip Baran;Gg. Laksana RT 03 RW 03
32.73.12;Batununggal;32.73.12.1005;Kebon Waru;Tuti Kuswati;Gg. Laksana RT 06 RW 03
32.73.12;Batununggal;32.73.12.1005;Kebon Waru;Yuhendi Yusuf;Gg. Laksana RT 01 RW 03
32.73.12;Batununggal;32.73.12.1005;Kebon Waru;Adrianus Dwi;Gg. Laksana RT 03 RW 03
32.73.12;Batununggal;32.73.12.1005;Kebon Waru;Sahar Suherman;Gg. Laksana RT 04 RW 03
32.73.12;Batununggal;32.73.12.1005;Kebon Waru;Ahmad;Gg. Laksana RT 07 RW 03
32.73.12;Batununggal;32.73.12.1005;Kebon Waru;Kurnia;Gg. Laksana RT 07 RW 03
32.73.12;Batununggal;32.73.12.1005;Kebon Waru;Pipih Susilawati;Jl. Kujang Pajajaran RT 04 RW 07
32.73.12;Batununggal;32.73.12.1005;Kebon Waru;Soleh;Jl. Kujang Pajajaran RT 04 RW 07
32.73.12;Batununggal;32.73.12.1005;Kebon Waru;Maman;Gg. Samsi RT 02 RW 07
32.73.12;Batununggal;32.73.12.1005;Kebon Waru;Maman Suparman;Gg. Samsi RT 01 RW 07
32.73.12;Batununggal;32.73.12.1005;Kebon Waru;Dedi Sunardi;Gg. Samsi RT 01 RW 07
32.73.12;Batununggal;32.73.12.1005;Kebon Waru;Engkus Kusnadi;Jl. Lebak RT 01 RW 08
32.73.12;Batununggal;32.73.12.1005;Kebon Waru;Hendra Hartono;Jl. Lebak RT 02 RW 08
32.73.12;Batununggal;32.73.12.1005;Kebon Waru;Cicih Widaningsih;Jl. Lebak RT 04 RW 08
32.73.12;Batununggal;32.73.12.1005;Kebon Waru;Sugianto Wijaya;Jl. Kujang Pajajaran RT 04 RW 07
32.73.12;Batununggal;32.73.12.1005;Kebon Waru;Komara;Jl. Lebak RT 03 RW 08
32.73.12;Batununggal;32.73.12.1005;Kebon Waru;Sobari;Jl. Lebak RT 04 RW 08
32.73.12;Batununggal;32.73.12.1005;Kebon Waru;Yaya Wahya;Gg. Laksana RT 07 RW 03
32.73.12;Batununggal;32.73.12.1005;Kebon Waru;Jujun Juanda;Gg. Laksana RT 08 RW 03
32.73.12;Batununggal;32.73.12.1002;Maleer;Junaedi;RT 04  RW  RW 01
32.73.12;Batununggal;32.73.12.1002;Maleer;Desi Amarmah;RT 04  RW  RW 01
32.73.12;Batununggal;32.73.12.1002;Maleer;Anis;RT 04  RW  RW 01
32.73.12;Batununggal;32.73.12.1002;Maleer;W. Djuhriah;RT 04  RW  RW 01
32.73.12;Batununggal;32.73.12.1002;Maleer;Iceu;RT 04  RW  RW 01
32.73.12;Batununggal;32.73.12.1002;Maleer;Sopyan;RT 04  RW  RW 01
32.73.12;Batununggal;32.73.12.1002;Maleer;Mamat R;RT 04  RW  RW 01
32.73.12;Batununggal;32.73.12.1002;Maleer;Nur Faizin;RT 01  RW  RW 01
32.73.12;Batununggal;32.73.12.1002;Maleer;Tuti Herawati;Jl. Gatsu RT 01  RW  RW 01
32.73.12;Batununggal;32.73.12.1002;Maleer;Aris;Jl. Gatsu RT 01  RW  RW 01
32.73.12;Batununggal;32.73.12.1002;Maleer;Emi;Jl. Maleer V RT 01 RW RW 01
32.73.12;Batununggal;32.73.12.1002;Maleer;Nining;Jl. Maleer V RT 01 RW RW 01
32.73.12;Batununggal;32.73.12.1002;Maleer;Yoyoh;Jl. Maleer V RT 01 RW RW 01
32.73.12;Batununggal;32.73.12.1002;Maleer;Usep Somantri;Jl. Maleer V RT 01 RW RW 01
32.73.12;Batununggal;32.73.12.1002;Maleer;Tuti Herawati;Jl. Maleer V RT 01 RW RW 01
32.73.12;Batununggal;32.73.12.1002;Maleer;Dedi Sobandi;Jl. Gatsu RT 01  RW  RW 01
32.73.12;Batununggal;32.73.12.1002;Maleer;Dudi;Jl. Gatsu RT 01  RW  RW 01
32.73.12;Batununggal;32.73.12.1002;Maleer;Hendi;Jl. Gatsu RT 01  RW  RW 01
32.73.12;Batununggal;32.73.12.1002;Maleer;Hendra;Jl. Gatsu RT 01  RW  RW 01
32.73.12;Batununggal;32.73.12.1002;Maleer;Herti;Jl. Maleer V RT 05 RW RW 01
32.73.12;Batununggal;32.73.12.1002;Maleer;Rosmina;Jl. Maleer V RT 05 RW RW 01
32.73.12;Batununggal;32.73.12.1002;Maleer;J. Purba;Jl. Maleer V RT 05 RW RW 01
32.73.12;Batununggal;32.73.12.1002;Maleer;Hj. Harun;Jl. Maleer V RT 05 RW RW 01
32.73.12;Batununggal;32.73.12.1002;Maleer;Aam Amisyah;Jl. Maleer V RT 05 RW RW 01
32.73.12;Batununggal;32.73.12.1002;Maleer;Djuanda;Jl. Maleer V RT 05 RW RW 01
32.73.12;Batununggal;32.73.12.1002;Maleer;Yana;Jl. Maleer V RT 05 RW RW 01
32.73.12;Batununggal;32.73.12.1002;Maleer;Yeni;Jl. Maleer V RT 05 RW RW 01
32.73.12;Batununggal;32.73.12.1002;Maleer;Maksum;Jl. Maleer V RT 05 RW RW 01
32.73.12;Batununggal;32.73.12.1002;Maleer;M. Warsa;Jl. Maleer V RT 05 RW RW 01
32.73.12;Batununggal;32.73.12.1002;Maleer;Djaenal Mutaqin;Jl. Maleer V RT 05 RW RW 01
32.73.12;Batununggal;32.73.12.1002;Maleer;Rohadi Wiyono;Jl. Maleer V RT 05 RW RW 01
32.73.12;Batununggal;32.73.12.1002;Maleer;Giharti;Jl. Maleer V RT 05 RW RW 01
32.73.12;Batununggal;32.73.12.1002;Maleer;Mutiah;Jl. Maleer V RT 06 RW RW 01
32.73.12;Batununggal;32.73.12.1002;Maleer;Unang;Jl. Maleer V RT 06 RW RW 01
32.73.12;Batununggal;32.73.12.1002;Maleer;Uus Suandi;Jl. Maleer V RT 06 RW RW 01
32.73.12;Batununggal;32.73.12.1002;Maleer;Yuningsih;Jl. Maleer V RT 06 RW RW 01
32.73.12;Batununggal;32.73.12.1002;Maleer;Aen Karnaen;Jl. Maleer V RT 06 RW RW 01
32.73.12;Batununggal;32.73.12.1002;Maleer;Hariadi;Jl. Maleer V RT 06 RW RW 01
32.73.12;Batununggal;32.73.12.1002;Maleer;Anih;Jl. Maleer V RT 06 RW RW 01
32.73.12;Batununggal;32.73.12.1002;Maleer;Acil Yusnaidi;Jl. Maleer V RT 06 RW RW 01
32.73.12;Batununggal;32.73.12.1002;Maleer;Umar Ahmad;Jl. Maleer V RT 06 RW RW 01
32.73.12;Batununggal;32.73.12.1002;Maleer;Hendra Saputra;Jl. Maleer V RT 06 RW RW 01
32.73.12;Batununggal;32.73.12.1002;Maleer;Ida Herlina;Jl. Maleer V RT 06 RW RW 01
32.73.12;Batununggal;32.73.12.1002;Maleer;Kumara;Jl. Maleer V RT 06 RW RW 01
32.73.12;Batununggal;32.73.12.1002;Maleer;Ahmad Yusup;Jl. Maleer V RT 06 RW RW 01
32.73.12;Batununggal;32.73.12.1002;Maleer;Kamidah;Jl. Maleer V RT 06 RW RW 01
32.73.12;Batununggal;32.73.12.1002;Maleer;N. Sukaenah;Jl. Maleer V RT 06 RW RW 01
32.73.12;Batununggal;32.73.12.1002;Maleer;Nik Suharni;Jl. Maleer V RT 06 RW RW 01
32.73.12;Batununggal;32.73.12.1002;Maleer;Emod;Jl. Maleer V RT 06 RW RW 01
32.73.12;Batununggal;32.73.12.1002;Maleer;Een Yuhaeni;Jl. Maleer V RT 06 RW RW 01
32.73.12;Batununggal;32.73.12.1002;Maleer;Adi Suherman;Jl. Maleer V RT 06 RW RW 01
32.73.12;Batununggal;32.73.12.1002;Maleer;Sugiono;Jl. Maleer V RT 06 RW RW 01
32.73.12;Batununggal;32.73.12.1002;Maleer;Bobon;Jl. Maleer V RT 06 RW RW 01
32.73.12;Batununggal;32.73.12.1002;Maleer;Deden. I;Jl. Maleer V RT 06 RW RW 01
32.73.12;Batununggal;32.73.12.1002;Maleer;Dewi;Jl. Maleer V RT 06 RW RW 01
32.73.12;Batununggal;32.73.12.1002;Maleer;Agus Wahyudin;Jl. Maleer V RT 06 RW RW 01
32.73.12;Batununggal;32.73.12.1002;Maleer;Moh. Ridwan;Jl. Maleer V RT 06 RW RW 01
32.73.12;Batununggal;32.73.12.1002;Maleer;Budi Supriadi;Jl. Maleer V RT 06 RW RW 01
32.73.12;Batununggal;32.73.12.1002;Maleer;M. Soleh;Jl. Maleer V RT 06 RW RW 01
32.73.12;Batununggal;32.73.12.1002;Maleer;Kusmana;Jl. Maleer V RT 06 RW RW 01
32.73.12;Batununggal;32.73.12.1002;Maleer;Seger. W;Jl. Maleer V RT 03 RW RW 01
32.73.12;Batununggal;32.73.12.1002;Maleer;Oding. S;Jl. Maleer V RT 03 RW RW 01
32.73.12;Batununggal;32.73.12.1002;Maleer;Nurhikmah;Jl. Maleer V RT 03 RW RW 01
32.73.12;Batununggal;32.73.12.1002;Maleer;Ida   ;Jl. Maleer V RT 03 RW RW 01
32.73.12;Batununggal;32.73.12.1002;Maleer;Ibrahim;Jl. Maleer V RT 03 RW RW 01
32.73.12;Batununggal;32.73.12.1002;Maleer;Nanung;Jl. Maleer V RT 03 RW RW 01
32.73.12;Batununggal;32.73.12.1002;Maleer;Hasran Saputra;Jl. Maleer V RT 03 RW RW 01
32.73.12;Batununggal;32.73.12.1002;Maleer;Emi;Jl. Maleer V RT 03 RW RW 01
32.73.12;Batununggal;32.73.12.1002;Maleer;Hendra;Jl. Maleer V RT 02 RW RW 01
32.73.12;Batununggal;32.73.12.1002;Maleer;Sugianto;Jl. Maleer V RT 02 RW RW 01
32.73.12;Batununggal;32.73.12.1002;Maleer;Deden Imanudin;Jl. Maleer V RT 02 RW RW 01
32.73.12;Batununggal;32.73.12.1002;Maleer;Roni Alamsyah;Jl. Maleer V RT 02 RW RW 01
32.73.12;Batununggal;32.73.12.1002;Maleer;Tato;Jl. Maleer V RT 02 RW RW 01
32.73.12;Batununggal;32.73.12.1002;Maleer;Wawan Sutarwan;Jl. Maleer V RT 02 RW RW 01
32.73.12;Batununggal;32.73.12.1002;Maleer;Hikmat Kurnia;Jl. Maleer V RT 02 RW RW 01
32.73.12;Batununggal;32.73.12.1002;Maleer;Mira;Jl. Maleer V RT 03 RW RW 02
32.73.12;Batununggal;32.73.12.1002;Maleer;Atikah;Jl. Maleer V RT 03 RW RW 02
32.73.12;Batununggal;32.73.12.1002;Maleer;Sapril;Jl. Maleer V RT 03 RW RW 02
32.73.12;Batununggal;32.73.12.1002;Maleer;Kartini;Jl. Maleer V RT 03 RW RW 02
32.73.12;Batununggal;32.73.12.1002;Maleer;Nilan;Jl. Maleer V RT 03 RW RW 02
32.73.12;Batununggal;32.73.12.1002;Maleer;Abdul Kadir;Jl. Maleer V RT 03 RW RW 02
32.73.12;Batununggal;32.73.12.1002;Maleer;Cici Lisnawati;Jl. Maleer V RT 03 RW RW 02
32.73.12;Batununggal;32.73.12.1002;Maleer;Erik Abdul;Jl. Maleer V RT 03 RW RW 02
32.73.12;Batununggal;32.73.12.1002;Maleer;Awang Gunawan;Jl. Maleer Iv RT 05  RW  RW 02
32.73.12;Batununggal;32.73.12.1002;Maleer;Dodon;Jl. Maleer Iv RT 05  RW  RW 02
32.73.12;Batununggal;32.73.12.1002;Maleer;Solihin;Jl. Maleer Iv RT 05  RW  RW 02
32.73.12;Batununggal;32.73.12.1002;Maleer;Rika;Jl. Maleer Iv RT 05  RW  RW 02
32.73.12;Batununggal;32.73.12.1002;Maleer;Neneng;Jl. Maleer Iv RT 05  RW  RW 02
32.73.12;Batununggal;32.73.12.1002;Maleer;Sumarni;Jl. Maleer Iv RT 05  RW  RW 02
32.73.12;Batununggal;32.73.12.1002;Maleer;Budi ;Jl. Maleer Iv RT 05  RW  RW 02
32.73.12;Batununggal;32.73.12.1002;Maleer;Endang Sudiar;Jl. Maleer Iv RT 05  RW  RW 02
32.73.12;Batununggal;32.73.12.1002;Maleer;Ayi (Hesti);Jl. Maleer Iv RT 05  RW  RW 02
32.73.12;Batununggal;32.73.12.1002;Maleer;Jepri A;Jl. Maleer Iv RT 05  RW  RW 02
32.73.12;Batununggal;32.73.12.1002;Maleer;Armen;Jl. Maleer Iv RT 05  RW  RW 02
32.73.12;Batununggal;32.73.12.1002;Maleer;Tia;Jl. Maleer Iv RT 06  RW  RW 02
32.73.12;Batununggal;32.73.12.1002;Maleer;Lisna;Jl. Maleer Iv RT 06  RW  RW 02
32.73.12;Batununggal;32.73.12.1002;Maleer;Deni Sudrajat;Jl. Maleer Iv RT 06  RW  RW 02
32.73.12;Batununggal;32.73.12.1002;Maleer;Ajud. S;Jl. Maleer Iv RT 06  RW  RW 02
32.73.12;Batununggal;32.73.12.1002;Maleer;Maya;Jl. Maleer Iv RT 06  RW  RW 02
32.73.12;Batununggal;32.73.12.1002;Maleer;Cep Dikdik;Jl. Maleer Utara RT 01  RW RW 03
32.73.12;Batununggal;32.73.12.1002;Maleer;Atim Rahman;Jl. Maleer Utara RT 01  RW RW 03
32.73.12;Batununggal;32.73.12.1002;Maleer;Ubed Jubaedah;Jl. Maleer Utara RT 01  RW RW 03
32.73.12;Batununggal;32.73.12.1002;Maleer;Santi;Jl. Maleer Utara RT 01  RW RW 03
32.73.12;Batununggal;32.73.12.1002;Maleer;Yuli;Jl. Maleer Utara RT 01  RW RW 03
32.73.12;Batununggal;32.73.12.1002;Maleer;Urip Suyati;Jl. Maleer Utara RT 01  RW RW 03
32.73.12;Batununggal;32.73.12.1002;Maleer;Oleh;Jl. Maleer Utara RT 01  RW RW 03
32.73.12;Batununggal;32.73.12.1002;Maleer;Ucih;Jl. Maleer Utara RT 01  RW RW 03
32.73.12;Batununggal;32.73.12.1002;Maleer;Edi Mulya;Jl. Maleer Indah I RT 07  RW  RW 03
32.73.12;Batununggal;32.73.12.1002;Maleer;Dustira;Jl. Maleer Utara RT 03  RW  RW 04
32.73.12;Batununggal;32.73.12.1002;Maleer;Erwa;Jl. Maleer Utara RT 03  RW  RW 04
32.73.12;Batununggal;32.73.12.1002;Maleer;Neulis;Jl. Maleer Utara RT 03  RW  RW 04
32.73.12;Batununggal;32.73.12.1002;Maleer;Imas;Jl. Maleer Utara RT 03  RW  RW 04
32.73.12;Batununggal;32.73.12.1002;Maleer;Uas;Jl. Maleer Utara RT 03  RW  RW 04
32.73.12;Batununggal;32.73.12.1002;Maleer;Juju Juanda;Jl. Maleer Utara RT 06  RW  RW 04
32.73.12;Batununggal;32.73.12.1002;Maleer;Rochim;Jl. Maleer Utara RT 06  RW  RW 04
32.73.12;Batununggal;32.73.12.1002;Maleer;Rochman;Jl. Maleer Utara RT 06  RW  RW 04
32.73.12;Batununggal;32.73.12.1002;Maleer;Uwen;Jl. Maleer Utara RT 06  RW  RW 04
32.73.12;Batununggal;32.73.12.1002;Maleer;Epon;Jl. Maleer Utara RT 06  RW  RW 04
32.73.12;Batununggal;32.73.12.1002;Maleer;Enik;Jl. Maleer Utara RT 06  RW  RW 04
32.73.12;Batununggal;32.73.12.1002;Maleer;Budiman;Jl. Maleer Utara RT 06  RW  RW 04
32.73.12;Batununggal;32.73.12.1002;Maleer;Ayi  ;Jl. Maleer Utara RT 02 RW  RW 04
32.73.12;Batununggal;32.73.12.1002;Maleer;Enok;Jl. Maleer Utara RT 02 RW  RW 04
32.73.12;Batununggal;32.73.12.1002;Maleer;Enur;Jl. Maleer Utara RT 02 RW  RW 04
32.73.12;Batununggal;32.73.12.1002;Maleer;Nining;Jl. Maleer Utara RT 02 RW  RW 04
32.73.12;Batununggal;32.73.12.1002;Maleer;Bunda Imas;Jl. Maleer Utara RT 02 RW  RW 04
32.73.12;Batununggal;32.73.12.1002;Maleer;Sutiya;Cibangkong Lor RT 03  RW  RW 05
32.73.12;Batununggal;32.73.12.1002;Maleer;Rusmana;Cibangkong Lor RT 03  RW  RW 05
32.73.12;Batununggal;32.73.12.1002;Maleer;Euis Sartini;Cibangkong Lor RT 03  RW  RW 05
32.73.12;Batununggal;32.73.12.1002;Maleer;Nandang Kosim;Cibangkong Lor RT 03  RW  RW 05
32.73.12;Batununggal;32.73.12.1002;Maleer;Dormia Limbong;Cibangkong Lor RT 03  RW  RW 05
32.73.12;Batununggal;32.73.12.1002;Maleer;Jujun Junaedi;Cibangkong Lor RT 03  RW  RW 05
32.73.12;Batununggal;32.73.12.1002;Maleer;Asep Saepudin;Cibangkong Lor RT 02  RW  RW 05
32.73.12;Batununggal;32.73.12.1002;Maleer;Wawat;Cibangkong Lor RT 02  RW  RW 05
32.73.12;Batununggal;32.73.12.1002;Maleer;Wiwi;Cibangkong Lor RT 02  RW  RW 05
32.73.12;Batununggal;32.73.12.1002;Maleer;Maria;Cibangkong Lor RT 02  RW  RW 05
32.73.12;Batununggal;32.73.12.1002;Maleer;Kurniadi;Cibangkong Lor RT 02  RW  RW 05
32.73.12;Batununggal;32.73.12.1002;Maleer;Hadiat;Cibangkong Lor RT 02  RW  RW 05
32.73.12;Batununggal;32.73.12.1002;Maleer;Ngadiamsih;Cibangkong Lor RT 04  RW  RW 05
32.73.12;Batununggal;32.73.12.1002;Maleer;Suhari;Cibangkong Lor RT 04  RW  RW 05
32.73.12;Batununggal;32.73.12.1002;Maleer;Atep Gustani;Cibangkong Lor RT 04  RW  RW 05
